date,views
2009-06-24,12747
2009-06-25,1139394
2009-06-26,4972223
2015-07-01,19972
2015-07-02,19225
2015-07-03,18813
2015-07-04,19003
2015-07-05,19765
2015-07-06,20621
2015-07-07,19211
2015-07-08,21783
2015-07-09,19010
2015-07-10,19506
2015-07-11,19027
2015-07-12,19796
2015-07-13,19183
2015-07-14,18438
2015-07-15,17751
2015-07-16,18671
2015-07-17,17524
2015-07-18,20815
2015-07-19,18342
2015-07-20,17705
2015-07-21,17420
2015-07-22,17033
2015-07-23,18055
2015-07-24,19981
2015-07-25,20547
2015-07-26,20685
2015-07-27,24974
2015-07-28,19863
2015-07-29,23499
2015-07-30,18426
2015-07-31,17691
2015-08-01,22353
2015-08-02,19363
2015-08-03,16706
2015-08-04,17747
2015-08-05,19013
2015-08-06,18878
2015-08-07,18611
2015-08-08,20011
2015-08-09,21661
2015-08-10,19022
2015-08-11,17699
2015-08-12,18370
2015-08-13,20790
2015-08-14,19997
2015-08-15,18580
2015-08-16,19968
2015-08-17,19496
2015-08-18,19013
2015-08-19,18180
2015-08-20,20772
2015-08-21,17966
2015-08-22,21005
2015-08-23,20604
2015-08-24,18860
2015-08-25,19016
2015-08-26,20080
2015-08-27,19446
2015-08-28,22393
2015-08-29,60176
2015-08-30,43844
2015-08-31,23811
2015-09-01,20839
2015-09-02,17910
2015-09-03,18072
2015-09-04,18189
2015-09-05,19154
2015-09-06,19619
2015-09-07,19408
2015-09-08,19968
2015-09-09,17156
2015-09-10,17581
2015-09-11,17543
2015-09-12,19752
2015-09-13,19612
2015-09-14,17058
2015-09-15,16651
2015-09-16,17701
2015-09-17,17652
2015-09-18,18934
2015-09-19,18233
2015-09-20,20353
2015-09-21,18506
2015-09-22,17947
2015-09-23,17761
2015-09-24,19137
2015-09-25,17998
2015-09-26,18147
2015-09-27,18936
2015-09-28,17662
2015-09-29,20680
2015-09-30,20901
2015-10-01,18743
2015-10-02,20462
2015-10-03,21823
2015-10-04,19825
2015-10-05,18323
2015-10-06,17885
2015-10-07,19617
2015-10-08,19086
2015-10-09,18079
2015-10-10,22056
2015-10-11,27314
2015-10-12,18860
2015-10-13,19373
2015-10-14,17611
2015-10-15,18780
2015-10-16,18322
2015-10-17,20784
2015-10-18,19546
2015-10-19,19774
2015-10-20,19273
2015-10-21,19270
2015-10-22,21879
2015-10-23,24967
2015-10-24,22425
2015-10-25,21668
2015-10-26,20179
2015-10-27,19905
2015-10-28,21166
2015-10-29,21870
2015-10-30,22392
2015-10-31,23938
2015-11-01,22599
2015-11-02,21109
2015-11-03,20338
2015-11-04,21037
2015-11-05,19639
2015-11-06,19078
2015-11-07,21178
2015-11-08,21930
2015-11-09,19800
2015-11-10,19249
2015-11-11,22741
2015-11-12,20922
2015-11-13,19922
2015-11-14,20922
2015-11-15,19908
2015-11-16,17857
2015-11-17,18311
2015-11-18,17917
2015-11-19,18319
2015-11-20,19780
2015-11-21,18836
2015-11-22,19230
2015-11-23,18502
2015-11-24,18081
2015-11-25,18688
2015-11-26,19617
2015-11-27,18119
2015-11-28,20460
2015-11-29,21879
2015-11-30,22922
2015-12-01,19355
2015-12-02,19344
2015-12-03,22119
2015-12-04,25306
2015-12-05,20485
2015-12-06,21566
2015-12-07,20187
2015-12-08,20476
2015-12-09,19068
2015-12-10,19161
2015-12-11,19756
2015-12-12,19147
2015-12-13,20257
2015-12-14,19393
2015-12-15,18702
2015-12-16,19248
2015-12-17,20312
2015-12-18,19284
2015-12-19,18456
2015-12-20,19120
2015-12-21,17895
2015-12-22,18399
2015-12-23,17379
2015-12-24,17915
2015-12-25,19184
2015-12-26,18527
2015-12-27,17472
2015-12-28,17673
2015-12-29,17247
2015-12-30,19435
2015-12-31,20907
2016-01-01,18601
2016-01-02,20165
2016-01-03,18885
2016-01-04,17157
2016-01-05,17553
2016-01-06,19023
2016-01-07,19479
2016-01-08,19881
2016-01-09,26893
2016-01-10,24520
2016-01-11,23318
2016-01-12,21904
2016-01-13,21386
2016-01-14,22151
2016-01-15,21756
2016-01-16,20322
2016-01-17,21798
2016-01-18,20947
2016-01-19,21759
2016-01-20,23920
2016-01-21,20123
2016-01-22,19954
2016-01-23,20139
2016-01-24,21271
2016-01-25,19420
2016-01-26,20235
2016-01-27,25194
2016-01-28,30997
2016-01-29,28685
2016-01-30,25230
2016-01-31,24757
2016-02-01,22711
2016-02-02,21252
2016-02-03,21346
2016-02-04,22132
2016-02-05,28811
2016-02-06,40816
2016-02-07,32214
2016-02-08,40907
2016-02-09,38385
2016-02-10,29216
2016-02-11,27831
2016-02-12,23339
2016-02-13,25135
2016-02-14,27001
2016-02-15,25195
2016-02-16,32750
2016-02-17,29394
2016-02-18,25837
2016-02-19,25803
2016-02-20,24560
2016-02-21,28363
2016-02-22,25380
2016-02-23,25528
2016-02-24,25635
2016-02-25,25680
2016-02-26,24387
2016-02-27,25386
2016-02-28,25575
2016-02-29,23392
2016-03-01,22108
2016-03-02,22370
2016-03-03,24636
2016-03-04,22427
2016-03-05,24244
2016-03-06,22783
2016-03-07,20968
2016-03-08,21733
2016-03-09,21069
2016-03-10,20894
2016-03-11,26301
2016-03-12,21938
2016-03-13,27168
2016-03-14,24757
2016-03-15,28738
2016-03-16,22817
2016-03-17,21046
2016-03-18,20591
2016-03-19,35010
2016-03-20,32008
2016-03-21,23886
2016-03-22,21229
2016-03-23,19989
2016-03-24,20200
2016-03-25,21290
2016-03-26,21131
2016-03-27,39135
2016-03-28,21250
2016-03-29,20484
2016-03-30,19853
2016-03-31,19749
2016-04-01,19905
2016-04-02,19449
2016-04-03,22570
2016-04-04,21748
2016-04-05,19517
2016-04-06,29326
2016-04-07,31453
2016-04-08,25459
2016-04-09,21070
2016-04-10,22177
2016-04-11,22263
2016-04-12,25870
2016-04-13,24318
2016-04-14,21352
2016-04-15,21115
2016-04-16,20567
2016-04-17,21608
2016-04-18,20523
2016-04-19,22337
2016-04-20,19830
2016-04-21,123433
2016-04-22,133939
2016-04-23,73699
2016-04-24,55898
2016-04-25,43543
2016-04-26,35675
2016-04-27,30919
2016-04-28,29769
2016-04-29,26816
2016-04-30,25861
2016-05-01,26268
2016-05-02,24606
2016-05-03,24566
2016-05-04,27023
2016-05-05,34403
2016-05-06,24345
2016-05-07,22538
2016-05-08,22052
2016-05-09,22443
2016-05-10,21273
2016-05-11,20829
2016-05-12,20483
2016-05-13,19970
2016-05-14,19181
2016-05-15,21300
2016-05-16,21797
2016-05-17,22038
2016-05-18,21261
2016-05-19,22606
2016-05-20,20922
2016-05-21,19562
2016-05-22,27718
2016-05-23,22305
2016-05-24,24155
2016-05-25,24438
2016-05-26,20882
2016-05-27,18741
2016-05-28,18202
2016-05-29,21148
2016-05-30,21599
2016-05-31,21393
2016-06-01,25766
2016-06-02,25290
2016-06-03,22940
2016-06-04,22296
2016-06-05,22481
2016-06-06,20262
2016-06-07,19522
2016-06-08,19503
2016-06-09,18422
2016-06-10,18721
2016-06-11,19078
2016-06-12,18830
2016-06-13,18764
2016-06-14,17774
2016-06-15,17743
2016-06-16,18627
2016-06-17,16815
2016-06-18,17145
2016-06-19,20102
2016-06-20,18470
2016-06-21,31807
2016-06-22,43074
2016-06-23,37589
2016-06-24,30028
2016-06-25,51051
2016-06-26,36870
2016-06-27,23119
2016-06-28,19946
2016-06-29,20154
2016-06-30,20661
2016-07-01,20704
2016-07-02,19074
2016-07-03,18436
2016-07-04,18423
2016-07-05,18161
2016-07-06,17533
2016-07-07,17187
2016-07-08,17947
2016-07-09,18536
2016-07-10,17758
2016-07-11,16657
2016-07-12,15859
2016-07-13,15088
2016-07-14,18373
2016-07-15,15565
2016-07-16,18288
2016-07-17,19860
2016-07-18,19270
2016-07-19,16840
2016-07-20,16178
2016-07-21,16215
2016-07-22,15853
2016-07-23,17823
2016-07-24,25955
2016-07-25,17303
2016-07-26,17407
2016-07-27,16613
2016-07-28,16106
2016-07-29,17388
2016-07-30,16385
2016-07-31,16727
2016-08-01,15833
2016-08-02,16229
2016-08-03,16579
2016-08-04,17315
2016-08-05,16646
2016-08-06,15910
2016-08-07,18009
2016-08-08,16368
2016-08-09,15138
2016-08-10,15128
2016-08-11,16391
2016-08-12,15020
2016-08-13,16094
2016-08-14,16182
2016-08-15,15470
2016-08-16,16667
2016-08-17,15515
2016-08-18,16192
2016-08-19,16468
2016-08-20,15768
2016-08-21,17072
2016-08-22,16406
2016-08-23,16917
2016-08-24,16705
2016-08-25,18410
2016-08-26,18843
2016-08-27,21663
2016-08-28,31159
2016-08-29,95074
2016-08-30,51397
2016-08-31,26147
2016-09-01,21489
2016-09-02,22121
2016-09-03,22046
2016-09-04,27507
2016-09-05,22701
2016-09-06,19302
2016-09-07,16727
2016-09-08,18156
2016-09-09,18207
2016-09-10,20534
2016-09-11,21707
2016-09-12,17967
2016-09-13,19310
2016-09-14,18651
2016-09-15,19171
2016-09-16,19412
2016-09-17,18424
2016-09-18,18423
2016-09-19,17732
2016-09-20,17452
2016-09-21,17471
2016-09-22,17336
2016-09-23,17885
2016-09-24,18031
2016-09-25,17441
2016-09-26,16920
2016-09-27,16037
2016-09-28,17227
2016-09-29,17143
2016-09-30,16190
2016-10-01,16778
2016-10-02,17887
2016-10-03,17168
2016-10-04,17540
2016-10-05,19251
2016-10-06,20117
2016-10-07,19917
2016-10-08,20021
2016-10-09,19560
2016-10-10,18223
2016-10-11,17629
2016-10-12,21812
2016-10-13,24178
2016-10-14,20490
2016-10-15,19644
2016-10-16,19690
2016-10-17,18774
2016-10-18,18873
2016-10-19,18315
2016-10-20,18197
2016-10-21,18185
2016-10-22,19678
2016-10-23,19967
2016-10-24,20315
2016-10-25,19783
2016-10-26,20669
2016-10-27,21260
2016-10-28,19566
2016-10-29,19012
2016-10-30,20627
2016-10-31,20581
2016-11-01,20260
2016-11-02,19394
2016-11-03,20169
2016-11-04,23971
2016-11-05,21198
2016-11-06,21847
2016-11-07,19559
2016-11-08,18518
2016-11-09,16736
2016-11-10,20903
2016-11-11,18157
2016-11-12,18955
2016-11-13,19472
2016-11-14,19243
2016-11-15,18708
2016-11-16,19343
2016-11-17,19313
2016-11-18,19284
2016-11-19,18165
2016-11-20,19476
2016-11-21,19153
2016-11-22,18213
2016-11-23,18468
2016-11-24,19427
2016-11-25,19494
2016-11-26,20397
2016-11-27,20569
2016-11-28,19729
2016-11-29,18514
2016-11-30,21954
2016-12-01,20200
2016-12-02,19743
2016-12-03,20016
2016-12-04,21313
2016-12-05,19640
2016-12-06,18920
2016-12-07,18924
2016-12-08,19391
2016-12-09,19740
2016-12-10,19198
2016-12-11,24169
2016-12-12,20698
2016-12-13,18930
2016-12-14,18957
2016-12-15,18553
2016-12-16,18361
2016-12-17,21017
2016-12-18,22246
2016-12-19,23836
2016-12-20,19508
2016-12-21,20825
2016-12-22,20427
2016-12-23,25391
2016-12-24,24778
2016-12-25,23169
2016-12-26,66393
2016-12-27,75314
2016-12-28,23605
2016-12-29,26697
2016-12-30,22188
2016-12-31,22136
2017-01-01,27447
2017-01-02,22522
2017-01-03,22263
2017-01-04,28291
2017-01-05,22282
2017-01-06,21080
2017-01-07,24758
2017-01-08,23705
2017-01-09,20719
2017-01-10,21179
2017-01-11,23291
2017-01-12,40919
2017-01-13,48367
2017-01-14,31258
2017-01-15,26544
2017-01-16,22600
2017-01-17,21907
2017-01-18,22181
2017-01-19,23508
2017-01-20,22184
2017-01-21,20800
2017-01-22,21962
2017-01-23,19798
2017-01-24,36325
2017-01-25,57283
2017-01-26,35286
2017-01-27,28890
2017-01-28,25834
2017-01-29,25384
2017-01-30,21885
2017-01-31,22898
2017-02-01,23697
2017-02-02,23720
2017-02-03,23132
2017-02-04,23452
2017-02-05,27959
2017-02-06,29133
2017-02-07,27797
2017-02-08,24759
2017-02-09,25483
2017-02-10,24145
2017-02-11,23019
2017-02-12,27342
2017-02-13,48971
2017-02-14,28321
2017-02-15,25535
2017-02-16,25067
2017-02-17,25616
2017-02-18,25728
2017-02-19,27573
2017-02-20,25153
2017-02-21,25171
2017-02-22,25816
2017-02-23,24282
2017-02-24,22593
2017-02-25,26023
2017-02-26,27854
2017-02-27,24524
2017-02-28,25072
2017-03-01,21144
2017-03-02,22751
2017-03-03,25040
2017-03-04,23114
2017-03-05,23733
2017-03-06,25839
2017-03-07,24692
2017-03-08,21032
2017-03-09,20312
2017-03-10,19692
2017-03-11,19853
2017-03-12,21783
2017-03-13,19971
2017-03-14,20750
2017-03-15,20730
2017-03-16,20623
2017-03-17,19446
2017-03-18,20089
2017-03-19,21418
2017-03-20,19213
2017-03-21,29826
2017-03-22,27064
2017-03-23,22175
2017-03-24,21547
2017-03-25,22819
2017-03-26,68760
2017-03-27,28346
2017-03-28,24636
2017-03-29,27478
2017-03-30,23141
2017-03-31,27555
2017-04-01,21409
2017-04-02,23218
2017-04-03,22858
2017-04-04,21551
2017-04-05,19835
2017-04-06,19688
2017-04-07,20188
2017-04-08,17486
2017-04-09,20044
2017-04-10,19861
2017-04-11,19520
2017-04-12,20824
2017-04-13,18642
2017-04-14,18509
2017-04-15,19918
2017-04-16,20340
2017-04-17,21142
2017-04-18,21706
2017-04-19,18855
2017-04-20,19460
2017-04-21,21639
2017-04-22,21524
2017-04-23,21582
2017-04-24,19808
2017-04-25,19942
2017-04-26,19770
2017-04-27,20898
2017-04-28,18565
2017-04-29,18191
2017-04-30,20136
2017-05-01,20531
2017-05-02,22774
2017-05-03,24035
2017-05-04,21239
2017-05-05,21355
2017-05-06,21979
2017-05-07,23025
2017-05-08,23727
2017-05-09,22466
2017-05-10,21557
2017-05-11,21915
2017-05-12,21836
2017-05-13,24899
2017-05-14,33258
2017-05-15,27285
2017-05-16,23171
2017-05-17,23523
2017-05-18,27215
2017-05-19,24069
2017-05-20,21305
2017-05-21,22707
2017-05-22,26547
2017-05-23,20972
2017-05-24,20029
2017-05-25,19060
2017-05-26,21012
2017-05-27,20535
2017-05-28,21562
2017-05-29,27992
2017-05-30,63222
2017-05-31,41753
2017-06-01,25029
2017-06-02,21354
2017-06-03,23472
2017-06-04,36203
2017-06-05,23854
2017-06-06,22664
2017-06-07,22006
2017-06-08,20212
2017-06-09,19872
2017-06-10,20918
2017-06-11,20970
2017-06-12,19703
2017-06-13,18710
2017-06-14,18235
2017-06-15,19034
2017-06-16,21684
2017-06-17,22064
2017-06-18,20578
2017-06-19,20994
2017-06-20,19401
2017-06-21,31610
2017-06-22,22976
2017-06-23,21557
2017-06-24,33948
2017-06-25,56451
2017-06-26,41725
2017-06-27,24967
2017-06-28,21170
2017-06-29,21332
2017-06-30,20354
2017-07-01,22699
2017-07-02,20144
2017-07-03,18236
2017-07-04,19207
2017-07-05,17838
2017-07-06,19195
2017-07-07,19172
2017-07-08,18628
2017-07-09,19473
2017-07-10,18921
2017-07-11,17830
2017-07-12,18456
2017-07-13,19526
2017-07-14,18687
2017-07-15,20413
2017-07-16,22883
2017-07-17,20171
2017-07-18,18635
2017-07-19,17785
2017-07-20,19275
2017-07-21,21063
2017-07-22,21352
2017-07-23,24327
2017-07-24,21517
2017-07-25,20154
2017-07-26,21659
2017-07-27,21877
2017-07-28,21264
2017-07-29,21595
2017-07-30,21727
2017-07-31,22729
2017-08-01,19167
2017-08-02,20551
2017-08-03,20538
2017-08-04,20297
2017-08-05,20774
2017-08-06,20076
2017-08-07,19549
2017-08-08,21738
2017-08-09,18524
2017-08-10,19848
2017-08-11,19321
2017-08-12,20006
2017-08-13,18826
2017-08-14,17935
2017-08-15,18580
2017-08-16,21590
2017-08-17,19538
2017-08-18,18421
2017-08-19,19213
2017-08-20,20509
2017-08-21,17245
2017-08-22,18478
2017-08-23,18370
2017-08-24,17365
2017-08-25,19406
2017-08-26,19611
2017-08-27,20756
2017-08-28,35687
2017-08-29,96034
2017-08-30,57939
2017-08-31,27605
2017-09-01,22240
2017-09-02,23960
2017-09-03,23105
2017-09-04,25976
2017-09-05,23632
2017-09-06,21125
2017-09-07,20760
2017-09-08,19465
2017-09-09,20709
2017-09-10,20151
2017-09-11,18164
2017-09-12,16919
2017-09-13,17692
2017-09-14,19110
2017-09-15,18589
2017-09-16,19958
2017-09-17,18893
2017-09-18,17758
2017-09-19,17447
2017-09-20,18552
2017-09-21,18439
2017-09-22,24330
2017-09-23,20399
2017-09-24,21397
2017-09-25,19406
2017-09-26,19015
2017-09-27,18312
2017-09-28,19355
2017-09-29,21093
2017-09-30,20233
2017-10-01,20886
2017-10-02,20060
2017-10-03,19759
2017-10-04,19212
2017-10-05,19755
2017-10-06,19091
2017-10-07,20075
2017-10-08,20842
2017-10-09,19674
2017-10-10,18173
2017-10-11,18101
2017-10-12,18730
2017-10-13,23407
2017-10-14,21793
2017-10-15,21700
2017-10-16,20135
2017-10-17,22691
2017-10-18,19970
2017-10-19,19651
2017-10-20,19012
2017-10-21,19719
2017-10-22,21653
2017-10-23,21154
2017-10-24,21138
2017-10-25,21791
2017-10-26,23285
2017-10-27,22282
2017-10-28,25496
2017-10-29,27284
2017-10-30,24530
2017-10-31,27664
2017-11-01,23926
2017-11-02,22679
2017-11-03,23331
2017-11-04,23085
2017-11-05,24160
2017-11-06,23048
2017-11-07,23463
2017-11-08,22460
2017-11-09,21752
2017-11-10,22171
2017-11-11,22738
2017-11-12,23404
2017-11-13,23526
2017-11-14,23362
2017-11-15,24327
2017-11-16,21003
2017-11-17,19406
2017-11-18,20161
2017-11-19,22576
2017-11-20,22855
2017-11-21,20709
2017-11-22,20668
2017-11-23,20907
2017-11-24,22899
2017-11-25,25027
2017-11-26,21935
2017-11-27,21040
2017-11-28,19996
2017-11-29,19670
2017-11-30,22074
2017-12-01,20459
2017-12-02,20194
2017-12-03,21049
2017-12-04,19799
2017-12-05,19222
2017-12-06,19816
2017-12-07,21519
2017-12-08,19843
2017-12-09,20888
2017-12-10,21490
2017-12-11,19691
2017-12-12,20386
2017-12-13,19595
2017-12-14,18631
2017-12-15,18582
2017-12-16,23706
2017-12-17,20066
2017-12-18,18539
2017-12-19,19884
2017-12-20,20971
2017-12-21,20749
2017-12-22,18013
2017-12-23,20278
2017-12-24,20730
2017-12-25,23437
2017-12-26,23795
2017-12-27,29298
2017-12-28,24139
2017-12-29,22690
2017-12-30,23914
2017-12-31,24354
2018-01-01,27431
2018-01-02,22374
2018-01-03,20424
2018-01-04,22635
2018-01-05,20228
2018-01-06,21566
2018-01-07,24169
2018-01-08,22688
2018-01-09,20654
2018-01-10,23276
2018-01-11,21064
2018-01-12,20990
2018-01-13,23582
2018-01-14,22699
2018-01-15,22706
2018-01-16,22309
2018-01-17,23648
2018-01-18,22930
2018-01-19,25809
2018-01-20,24691
2018-01-21,24075
2018-01-22,22987
2018-01-23,22080
2018-01-24,21566
2018-01-25,22877
2018-01-26,21816
2018-01-27,22596
2018-01-28,24925
2018-01-29,24646
2018-01-30,23603
2018-01-31,22401
2018-02-01,22850
2018-02-02,22351
2018-02-03,23237
2018-02-04,27863
2018-02-05,38642
2018-02-06,27905
2018-02-07,26431
2018-02-08,26294
2018-02-09,24300
2018-02-10,23667
2018-02-11,24853
2018-02-12,24586
2018-02-13,23657
2018-02-14,22534
2018-02-15,22920
2018-02-16,22240
2018-02-17,21537
2018-02-18,22675
2018-02-19,23689
2018-02-20,23839
2018-02-21,23127
2018-02-22,23272
2018-02-23,24321
2018-02-24,23491
2018-02-25,30897
2018-02-26,28861
2018-02-27,26845
2018-02-28,24743
2018-03-01,23774
2018-03-02,22179
2018-03-03,21766
2018-03-04,23602
2018-03-05,24293
2018-03-06,23131
2018-03-07,26553
2018-03-08,27432
2018-03-09,24247
2018-03-10,22640
2018-03-11,28282
2018-03-12,25308
2018-03-13,22934
2018-03-14,22003
2018-03-15,22595
2018-03-16,21670
2018-03-17,22132
2018-03-18,22521
2018-03-19,22331
2018-03-20,21070
2018-03-21,21515
2018-03-22,21132
2018-03-23,20998
2018-03-24,26445
2018-03-25,24955
2018-03-26,21722
2018-03-27,23115
2018-03-28,21206
2018-03-29,20737
2018-03-30,20097
2018-03-31,19954
2018-04-01,20990
2018-04-02,23548
2018-04-03,21209
2018-04-04,20703
2018-04-05,21729
2018-04-06,20900
2018-04-07,21354
2018-04-08,22990
2018-04-09,22483
2018-04-10,21171
2018-04-11,22466
2018-04-12,22103
2018-04-13,22087
2018-04-14,20135
2018-04-15,23579
2018-04-16,24692
2018-04-17,22593
2018-04-18,21972
2018-04-19,22572
2018-04-20,22725
2018-04-21,23414
2018-04-22,27794
2018-04-23,26016
2018-04-24,26077
2018-04-25,22765
2018-04-26,21950
2018-04-27,20220
2018-04-28,18964
2018-04-29,20659
2018-04-30,21056
2018-05-01,20114
2018-05-02,20039
2018-05-03,21179
2018-05-04,20175
2018-05-05,21450
2018-05-06,22647
2018-05-07,24498
2018-05-08,22681
2018-05-09,21783
2018-05-10,21710
2018-05-11,20534
2018-05-12,21014
2018-05-13,21193
2018-05-14,22242
2018-05-15,20306
2018-05-16,21016
2018-05-17,21860
2018-05-18,21393
2018-05-19,20513
2018-05-20,23017
2018-05-21,43571
2018-05-22,29462
2018-05-23,27348
2018-05-24,29632
2018-05-25,67811
2018-05-26,26810
2018-05-27,25920
2018-05-28,24220
2018-05-29,23801
2018-05-30,22729
2018-05-31,22786
2018-06-01,21068
2018-06-02,21087
2018-06-03,24004
2018-06-04,23534
2018-06-05,22930
2018-06-06,21708
2018-06-07,23693
2018-06-08,22641
2018-06-09,22868
2018-06-10,26001
2018-06-11,22326
2018-06-12,21225
2018-06-13,21921
2018-06-14,27059
2018-06-15,21807
2018-06-16,21582
2018-06-17,22199
2018-06-18,21888
2018-06-19,21203
2018-06-20,21405
2018-06-21,21169
2018-06-22,25052
2018-06-23,28021
2018-06-24,31146
2018-06-25,56460
2018-06-26,52221
2018-06-27,82737
2018-06-28,76558
2018-06-29,48638
2018-06-30,36211
2018-07-01,31957
2018-07-02,27275
2018-07-03,25968
2018-07-04,28068
2018-07-05,25488
2018-07-06,22738
2018-07-07,23464
2018-07-08,25394
2018-07-09,24075
2018-07-10,22440
2018-07-11,25720
2018-07-12,29755
2018-07-13,24049
2018-07-14,22342
2018-07-15,23665
2018-07-16,22199
2018-07-17,22600
2018-07-18,20905
2018-07-19,21005
2018-07-20,20552
2018-07-21,21679
2018-07-22,21722
2018-07-23,20491
2018-07-24,19905
2018-07-25,19459
2018-07-26,19457
2018-07-27,20256
2018-07-28,20543
2018-07-29,22106
2018-07-30,20031
2018-07-31,19018
2018-08-01,19643
2018-08-02,21964
2018-08-03,20403
2018-08-04,20824
2018-08-05,22672
2018-08-06,22528
2018-08-07,22439
2018-08-08,21299
2018-08-09,21163
2018-08-10,21202
2018-08-11,21385
2018-08-12,24297
2018-08-13,24204
2018-08-14,23303
2018-08-15,21242
2018-08-16,28260
2018-08-17,26279
2018-08-18,25680
2018-08-19,26125
2018-08-20,25285
2018-08-21,25279
2018-08-22,22750
2018-08-23,25311
2018-08-24,26177
2018-08-25,36680
2018-08-26,33411
2018-08-27,38570
2018-08-28,35946
2018-08-29,149262
2018-08-30,98144
2018-08-31,43751
2018-09-01,34243
2018-09-02,30098
2018-09-03,27055
2018-09-04,23792
2018-09-05,24331
2018-09-06,28151
2018-09-07,32398
2018-09-08,26270
2018-09-09,26105
2018-09-10,23678
2018-09-11,21262
2018-09-12,21167
2018-09-13,20744
2018-09-14,20684
2018-09-15,21335
2018-09-16,21360
2018-09-17,19726
2018-09-18,20224
2018-09-19,19393
2018-09-20,19474
2018-09-21,20034
2018-09-22,21696
2018-09-23,21591
2018-09-24,20833
2018-09-25,19555
2018-09-26,19912
2018-09-27,19601
2018-09-28,19121
2018-09-29,21235
2018-09-30,22202
2018-10-01,20265
2018-10-02,20580
2018-10-03,19180
2018-10-04,19733
2018-10-05,19576
2018-10-06,19706
2018-10-07,20924
2018-10-08,20070
2018-10-09,20020
2018-10-10,19604
2018-10-11,20097
2018-10-12,19906
2018-10-13,22955
2018-10-14,23695
2018-10-15,21816
2018-10-16,20129
2018-10-17,19423
2018-10-18,20662
2018-10-19,20010
2018-10-20,20012
2018-10-21,22400
2018-10-22,21297
2018-10-23,21224
2018-10-24,21147
2018-10-25,21532
2018-10-26,20516
2018-10-27,23498
2018-10-28,22764
2018-10-29,21228
2018-10-30,21569
2018-10-31,23167
2018-11-01,23974
2018-11-02,23016
2018-11-03,22967
2018-11-04,25673
2018-11-05,24524
2018-11-06,23324
2018-11-07,22184
2018-11-08,22780
2018-11-09,22216
2018-11-10,23721
2018-11-11,23445
2018-11-12,22880
2018-11-13,22606
2018-11-14,22032
2018-11-15,20958
2018-11-16,21216
2018-11-17,24300
2018-11-18,24538
2018-11-19,21581
2018-11-20,21097
2018-11-21,21664
2018-11-22,23111
2018-11-23,22323
2018-11-24,22995
2018-11-25,24628
2018-11-26,23055
2018-11-27,23195
2018-11-28,21769
2018-11-29,25346
2018-11-30,25098
2018-12-01,23888
2018-12-02,24793
2018-12-03,23591
2018-12-04,21565
2018-12-05,21021
2018-12-06,21195
2018-12-07,20790
2018-12-08,23664
2018-12-09,24126
2018-12-10,23891
2018-12-11,21219
2018-12-12,22362
2018-12-13,22397
2018-12-14,23907
2018-12-15,24252
2018-12-16,24906
2018-12-17,23978
2018-12-18,23064
2018-12-19,22379
2018-12-20,24132
2018-12-21,22332
2018-12-22,23944
2018-12-23,25036
2018-12-24,26113
2018-12-25,27898
2018-12-26,22735
2018-12-27,22921
2018-12-28,24602
2018-12-29,24564
2018-12-30,24777
2018-12-31,24185
2019-01-01,26005
2019-01-02,22101
2019-01-03,29991
2019-01-04,23276
2019-01-05,25300
2019-01-06,25542
2019-01-07,22362
2019-01-08,23115
2019-01-09,22915
2019-01-10,29777
2019-01-11,28090
2019-01-12,25022
2019-01-13,24757
2019-01-14,22254
2019-01-15,22581
2019-01-16,28549
2019-01-17,28530
2019-01-18,24087
2019-01-19,27340
2019-01-20,25587
2019-01-21,23347
2019-01-22,21777
2019-01-23,21969
2019-01-24,23661
2019-01-25,32792
2019-01-26,47962
2019-01-27,38961
2019-01-28,33820
2019-01-29,31373
2019-01-30,28807
2019-01-31,29363
2019-02-01,25711
2019-02-02,26741
2019-02-03,28120
2019-02-04,29823
2019-02-05,32420
2019-02-06,26989
2019-02-07,26369
2019-02-08,27002
2019-02-09,27000
2019-02-10,27680
2019-02-11,31387
2019-02-12,38186
2019-02-13,29924
2019-02-14,34685
2019-02-15,28867
2019-02-16,28226
2019-02-17,27703
2019-02-18,28072
2019-02-19,26119
2019-02-20,29338
2019-02-21,28749
2019-02-22,32052
2019-02-23,28388
2019-02-24,45970
2019-02-25,31687
2019-02-26,27074
2019-02-27,28643
2019-02-28,39157
2019-03-01,38467
2019-03-02,37722
2019-03-03,44391
2019-03-04,114956
2019-03-05,126526
2019-03-06,146264
2019-03-07,186600
2019-03-08,186773
2019-03-09,183318
2019-03-10,173520
2019-03-11,142286
2019-03-12,105819
2019-03-13,89007
2019-03-14,81365
2019-03-15,77308
2019-03-16,75511
2019-03-17,89094
2019-03-18,65361
2019-03-19,54691
2019-03-20,47141
2019-03-21,42610
2019-03-22,37680
2019-03-23,44004
2019-03-24,47810
2019-03-25,38183
2019-03-26,33800
2019-03-27,31926
2019-03-28,28843
2019-03-29,28344
2019-03-30,28297
2019-03-31,31269
2019-04-01,28202
2019-04-02,27101
2019-04-03,26454
2019-04-04,24369
2019-04-05,23618
2019-04-06,25919
2019-04-07,25979
2019-04-08,23247
2019-04-09,21351
2019-04-10,20650
2019-04-11,21342
2019-04-12,21067
2019-04-13,21766
2019-04-14,23539
2019-04-15,20842
2019-04-16,19821
2019-04-17,20043
2019-04-18,21236
2019-04-19,21529
2019-04-20,21768
2019-04-21,23150
2019-04-22,23257
2019-04-23,20282
2019-04-24,18697
2019-04-25,17692
2019-04-26,17917
2019-04-27,18734
2019-04-28,21390
2019-04-29,18399
2019-04-30,19648
2019-05-01,20306
2019-05-02,19802
2019-05-03,17812
2019-05-04,22871
2019-05-05,20713
2019-05-06,17908
2019-05-07,16616
2019-05-08,17349
2019-05-09,17363
2019-05-10,17683
2019-05-11,19731
2019-05-12,23929
2019-05-13,23238
2019-05-14,22452
2019-05-15,19466
2019-05-16,20409
2019-05-17,20174
2019-05-18,19070
2019-05-19,19534
2019-05-20,18520
2019-05-21,18252
2019-05-22,17982
2019-05-23,18391
2019-05-24,22644
2019-05-25,18386
2019-05-26,19322
2019-05-27,20363
2019-05-28,18606
2019-05-29,18500
2019-05-30,18730
2019-05-31,18105
2019-06-01,17369
2019-06-02,19174
2019-06-03,18323
2019-06-04,17453
2019-06-05,17742
2019-06-06,16901
2019-06-07,18755
2019-06-08,18470
2019-06-09,19491
2019-06-10,18156
2019-06-11,17578
2019-06-12,17920
2019-06-13,18034
2019-06-14,18380
2019-06-15,18656
2019-06-16,26621
2019-06-17,20602
2019-06-18,18303
2019-06-19,18240
2019-06-20,18715
2019-06-21,20938
2019-06-22,23202
2019-06-23,25097
2019-06-24,31536
2019-06-25,97056
2019-06-26,57732
2019-06-27,25765
2019-06-28,22380
2019-06-29,29776
2019-06-30,24418
2019-07-01,19689
2019-07-02,18709
2019-07-03,20227
2019-07-04,20669
2019-07-05,20142
2019-07-06,20108
2019-07-07,21803
2019-07-08,20004
2019-07-09,18181
2019-07-10,18015
2019-07-11,17250
2019-07-12,17707
2019-07-13,18735
2019-07-14,18840
2019-07-15,17322
2019-07-16,16700
2019-07-17,16736
2019-07-18,16223
2019-07-19,16388
2019-07-20,16888
2019-07-21,21695
2019-07-22,16223
2019-07-23,16169
2019-07-24,15258
2019-07-25,15525
2019-07-26,15894
2019-07-27,18794
2019-07-28,18607
2019-07-29,17665
2019-07-30,15419
2019-07-31,14992
2019-08-01,15083
2019-08-02,15552
2019-08-03,15030
2019-08-04,15549
2019-08-05,14880
2019-08-06,14835
2019-08-07,14840
2019-08-08,15273
2019-08-09,14854
2019-08-10,16195
2019-08-11,16869
2019-08-12,15987
2019-08-13,15298
2019-08-14,15126
2019-08-15,15124
2019-08-16,15688
2019-08-17,16804
2019-08-18,17500
2019-08-19,16489
2019-08-20,16072
2019-08-21,15515
2019-08-22,17036
2019-08-23,17272
2019-08-24,16660
2019-08-25,17828
2019-08-26,18545
2019-08-27,19199
2019-08-28,20641
2019-08-29,54315
2019-08-30,32715
2019-08-31,23034
2019-09-01,21278
2019-09-02,20245
2019-09-03,18402
2019-09-04,17014
2019-09-05,16754
2019-09-06,17127
2019-09-07,18304
2019-09-08,18503
2019-09-09,16563
2019-09-10,16500
2019-09-11,16577
2019-09-12,16423
2019-09-13,17187
2019-09-14,17521
2019-09-15,19311
2019-09-16,18327
2019-09-17,18622
2019-09-18,18717
2019-09-19,19025
2019-09-20,17938
2019-09-21,18405
2019-09-22,20298
2019-09-23,17841
2019-09-24,16785
2019-09-25,17051
2019-09-26,17349
2019-09-27,17612
2019-09-28,17394
2019-09-29,17748
2019-09-30,16348
2019-10-01,15736
2019-10-02,16355
2019-10-03,16991
2019-10-04,16652
2019-10-05,17334
2019-10-06,18095
2019-10-07,16835
2019-10-08,16373
2019-10-09,16404
2019-10-10,16362
2019-10-11,16001
2019-10-12,16811
2019-10-13,18045
2019-10-14,17974
2019-10-15,17601
2019-10-16,16772
2019-10-17,16402
2019-10-18,16300
2019-10-19,17532
2019-10-20,18896
2019-10-21,16673
2019-10-22,16879
2019-10-23,17309
2019-10-24,17775
2019-10-25,16255
2019-10-26,16777
2019-10-27,18023
2019-10-28,17937
2019-10-29,18198
2019-10-30,19466
2019-10-31,20541
2019-11-01,19482
2019-11-02,19247
2019-11-03,20042
2019-11-04,18673
2019-11-05,18531
2019-11-06,18421
2019-11-07,19262
2019-11-08,18152
2019-11-09,18302
2019-11-10,18659
2019-11-11,18518
2019-11-12,18526
2019-11-13,18543
2019-11-14,19505
2019-11-15,21266
2019-11-16,26795
2019-11-17,22874
2019-11-18,20216
2019-11-19,18180
2019-11-20,17699
2019-11-21,17666
2019-11-22,17259
2019-11-23,18032
2019-11-24,19613
2019-11-25,19245
2019-11-26,18054
2019-11-27,17582
2019-11-28,17970
2019-11-29,17962
2019-11-30,18789
2019-12-01,19207
2019-12-02,17123
2019-12-03,17126
2019-12-04,16969
2019-12-05,16791
2019-12-06,17267
2019-12-07,17261
2019-12-08,18475
2019-12-09,17916
2019-12-10,17297
2019-12-11,17381
2019-12-12,16755
2019-12-13,16504
2019-12-14,17348
2019-12-15,17664
2019-12-16,16965
2019-12-17,18439
2019-12-18,17724
2019-12-19,16633
2019-12-20,15967
2019-12-21,16367
2019-12-22,17037
2019-12-23,16438
2019-12-24,17746
2019-12-25,21576
2019-12-26,19100
2019-12-27,19088
2019-12-28,19614
2019-12-29,19856
2019-12-30,19025
2019-12-31,19619
2020-01-01,21038
2020-01-02,20329
2020-01-03,17898
2020-01-04,19730
2020-01-05,18258
2020-01-06,16604
2020-01-07,16579
2020-01-08,16579
2020-01-09,17141
2020-01-10,16926
2020-01-11,17805
2020-01-12,18014
2020-01-13,16191
2020-01-14,16210
2020-01-15,17035
2020-01-16,17151
2020-01-17,17094
2020-01-18,18281
2020-01-19,18590
2020-01-20,17724
2020-01-21,17478
2020-01-22,17589
2020-01-23,20168
2020-01-24,18786
2020-01-25,18668
2020-01-26,25125
2020-01-27,30761
2020-01-28,23865
2020-01-29,20689
2020-01-30,19352
2020-01-31,18327
2020-02-01,18551
2020-02-02,19439
2020-02-03,21249
2020-02-04,20681
2020-02-05,19016
2020-02-06,19531
2020-02-07,18920
2020-02-08,18663
2020-02-09,18752
2020-02-10,20042
2020-02-11,20851
2020-02-12,20643
2020-02-13,22541
2020-02-14,18421
2020-02-15,18038
2020-02-16,18509
2020-02-17,18300
2020-02-18,19051
2020-02-19,19411
2020-02-20,19252
2020-02-21,18258
2020-02-22,19668
2020-02-23,23672
2020-02-24,21966
2020-02-25,20648
2020-02-26,18908
2020-02-27,18132
2020-02-28,17250
2020-02-29,16518
2020-03-01,18220
2020-03-02,16897
2020-03-03,19154
2020-03-04,17912
2020-03-05,17838
2020-03-06,16670
2020-03-07,17129
2020-03-08,17434
2020-03-09,16419
2020-03-10,16085
2020-03-11,15063
2020-03-12,14261
2020-03-13,13607
2020-03-14,15255
2020-03-15,15572
2020-03-16,14389
2020-03-17,13975
2020-03-18,14282
2020-03-19,14609
2020-03-20,15278
2020-03-21,17498
2020-03-22,17782
2020-03-23,16718
2020-03-24,16437
2020-03-25,16958
2020-03-26,17479
2020-03-27,18648
2020-03-28,19278
2020-03-29,21386
2020-03-30,31214
2020-03-31,22485
2020-04-01,22785
2020-04-02,19943
2020-04-03,20362
2020-04-04,21993
2020-04-05,21363
2020-04-06,21262
2020-04-07,19631
2020-04-08,19087
2020-04-09,20012
2020-04-10,30375
2020-04-11,23188
2020-04-12,23726
2020-04-13,21761
2020-04-14,21004
2020-04-15,20266
2020-04-16,19898
2020-04-17,21343
2020-04-18,23371
2020-04-19,28701
2020-04-20,24551
2020-04-21,24851
2020-04-22,25433
2020-04-23,21340
2020-04-24,22054
2020-04-25,24053
2020-04-26,27152
2020-04-27,22061
2020-04-28,22875
2020-04-29,23839
2020-04-30,23285
2020-05-01,23229
2020-05-02,22703
2020-05-03,24106
2020-05-04,23181
2020-05-05,21860
2020-05-06,21952
2020-05-07,21262
2020-05-08,21995
2020-05-09,22946
2020-05-10,22047
2020-05-11,21644
2020-05-12,20253
2020-05-13,19464
2020-05-14,20567
2020-05-15,20793
2020-05-16,22075
2020-05-17,21041
2020-05-18,21623
2020-05-19,20780
2020-05-20,20015
2020-05-21,20271
2020-05-22,20506
2020-05-23,21842
2020-05-24,24796
2020-05-25,21436
2020-05-26,20371
2020-05-27,19519
2020-05-28,18789
2020-05-29,20169
2020-05-30,21780
2020-05-31,21564
2020-06-01,22005
2020-06-02,22038
2020-06-03,22113
2020-06-04,22093
2020-06-05,21630
2020-06-06,23551
2020-06-07,23747
2020-06-08,21160
2020-06-09,22347
2020-06-10,21186
2020-06-11,22110
2020-06-12,21500
2020-06-13,25471
2020-06-14,24959
2020-06-15,22159
2020-06-16,19736
2020-06-17,19399
2020-06-18,19339
2020-06-19,19925
2020-06-20,20788
2020-06-21,21425
2020-06-22,20779
2020-06-23,20086
2020-06-24,20900
2020-06-25,52666
2020-06-26,43868
2020-06-27,29870
2020-06-28,27679
2020-06-29,22303
2020-06-30,21799
2020-07-01,22883
2020-07-02,23783
2020-07-03,21948
2020-07-04,21084
2020-07-05,20708
2020-07-06,18969
2020-07-07,18586
2020-07-08,20009
2020-07-09,21763
2020-07-10,19918
2020-07-11,19715
2020-07-12,22153
2020-07-13,38784
2020-07-14,26624
2020-07-15,22104
2020-07-16,20195
2020-07-17,20619
2020-07-18,23925
2020-07-19,24596
2020-07-20,20529
2020-07-21,19347
2020-07-22,20143
2020-07-23,19929
2020-07-24,20426
2020-07-25,22097
2020-07-26,22455
2020-07-27,21157
2020-07-28,18852
2020-07-29,18612
2020-07-30,17718
2020-07-31,18293
2020-08-01,19056
2020-08-02,20082
2020-08-03,18590
2020-08-04,17029
2020-08-05,17380
2020-08-06,17534
2020-08-07,17722
2020-08-08,18566
2020-08-09,20249
2020-08-10,18356
2020-08-11,17688
2020-08-12,17544
2020-08-13,17651
2020-08-14,21852
2020-08-15,20982
2020-08-16,20770
2020-08-17,18197
2020-08-18,18880
2020-08-19,19063
2020-08-20,17901
2020-08-21,19640
2020-08-22,21466
2020-08-23,20599
2020-08-24,20002
2020-08-25,18704
2020-08-26,18471
2020-08-27,20067
2020-08-28,23358
2020-08-29,61630
2020-08-30,45075
2020-08-31,26653
2020-09-01,22299
2020-09-02,23069
2020-09-03,19431
2020-09-04,24086
2020-09-05,21787
2020-09-06,21772
2020-09-07,21965
2020-09-08,20271
2020-09-09,20553
2020-09-10,20508
2020-09-11,20832
2020-09-12,21544
2020-09-13,21731
2020-09-14,19518
2020-09-15,18514
2020-09-16,18319
2020-09-17,18939
2020-09-18,18640
2020-09-19,18328
2020-09-20,20514
2020-09-21,17301
2020-09-22,17694
2020-09-23,17369
2020-09-24,18136
2020-09-25,19090
2020-09-26,19670
2020-09-27,19492
2020-09-28,17860
2020-09-29,17608
2020-09-30,16992
2020-10-01,16858
2020-10-02,17524
2020-10-03,17899
2020-10-04,18565
2020-10-05,17894
2020-10-06,19949
2020-10-07,22999
2020-10-08,18708
2020-10-09,18356
2020-10-10,18848
2020-10-11,19274
2020-10-12,18125
2020-10-13,18619
2020-10-14,18214
2020-10-15,18714
2020-10-16,19489
2020-10-17,20184
2020-10-18,20714
2020-10-19,19121
2020-10-20,18354
2020-10-21,19982
2020-10-22,19699
2020-10-23,19834
2020-10-24,20761
2020-10-25,20373
2020-10-26,19377
2020-10-27,19887
2020-10-28,22330
2020-10-29,24250
2020-10-30,26157
2020-10-31,31202
2020-11-01,26933
2020-11-02,23641
2020-11-03,21961
2020-11-04,18759
2020-11-05,20697
2020-11-06,20151
2020-11-07,20545
2020-11-08,20730
2020-11-09,21227
2020-11-10,20937
2020-11-11,19981
2020-11-12,20868
2020-11-13,21458
2020-11-14,22981
2020-11-15,24974
2020-11-16,22472
2020-11-17,21729
2020-11-18,22970
2020-11-19,23142
2020-11-20,23326
2020-11-21,22981
2020-11-22,24407
2020-11-23,22501
2020-11-24,23362
2020-11-25,22805
2020-11-26,23603
2020-11-27,23408
2020-11-28,24412
2020-11-29,26487
2020-11-30,23949
2020-12-01,21669
2020-12-02,21682
2020-12-03,22190
2020-12-04,22250
2020-12-05,24487
2020-12-06,23701
2020-12-07,22491
2020-12-08,21702
2020-12-09,21530
2020-12-10,22073
2020-12-11,22005
2020-12-12,22705
2020-12-13,24584
2020-12-14,23093
2020-12-15,22578
2020-12-16,21798
2020-12-17,21733
2020-12-18,22773
2020-12-19,23613
2020-12-20,23259
2020-12-21,22936
2020-12-22,20919
2020-12-23,22869
2020-12-24,27810
2020-12-25,44229
2020-12-26,32817
2020-12-27,31174
2020-12-28,28684
2020-12-29,26743
2020-12-30,23520
2020-12-31,25870
2021-01-01,28799
2021-01-02,24575
2021-01-03,23970
2021-01-04,21424
2021-01-05,20854
2021-01-06,20342
2021-01-07,21005
2021-01-08,23210
2021-01-09,24255
2021-01-10,24333
2021-01-11,22181
2021-01-12,22874
2021-01-13,22043
2021-01-14,22148
2021-01-15,21660
2021-01-16,22183
2021-01-17,22549
2021-01-18,21723
2021-01-19,21631
2021-01-20,21640
2021-01-21,20381
2021-01-22,21211
2021-01-23,22395
2021-01-24,21941
2021-01-25,20601
2021-01-26,21011
2021-01-27,20933
2021-01-28,22975
2021-01-29,21778
2021-01-30,22796
2021-01-31,23293
2021-02-01,23075
2021-02-02,24012
2021-02-03,22785
2021-02-04,25612
2021-02-05,25275
2021-02-06,26375
2021-02-07,26486
2021-02-08,33425
2021-02-09,27211
2021-02-10,26073
2021-02-11,25776
2021-02-12,26331
2021-02-13,27854
2021-02-14,26555
2021-02-15,24689
2021-02-16,25018
2021-02-17,24639
2021-02-18,24385
2021-02-19,24907
2021-02-20,25981
2021-02-21,25418
2021-02-22,26207
2021-02-23,26894
2021-02-24,28404
2021-02-25,30447
2021-02-26,31899
2021-02-27,28311
2021-02-28,27971
2021-03-01,26548
2021-03-02,27716
2021-03-03,27108
2021-03-04,26828
2021-03-05,29035
2021-03-06,30597
2021-03-07,29015
2021-03-08,27120
2021-03-09,25796
2021-03-10,24933
2021-03-11,25590
2021-03-12,24410
2021-03-13,27859
2021-03-14,29402
2021-03-15,27610
2021-03-16,27261
2021-03-17,24790
2021-03-18,24766
2021-03-19,27024
2021-03-20,27145
2021-03-21,28217
2021-03-22,25469
2021-03-23,24988
2021-03-24,25196
2021-03-25,25460
2021-03-26,25613
2021-03-27,25874
2021-03-28,27446
2021-03-29,26211
2021-03-30,24423
2021-03-31,26122
2021-04-01,27302
2021-04-02,30930
2021-04-03,29224
2021-04-04,31636
2021-04-05,28999
2021-04-06,26353
2021-04-07,23680
2021-04-08,23758
2021-04-09,26992
2021-04-10,26639
2021-04-11,25222
2021-04-12,25674
2021-04-13,26945
2021-04-14,22819
2021-04-15,22706
2021-04-16,22782
2021-04-17,23370
2021-04-18,23994
2021-04-19,24444
2021-04-20,23221
2021-04-21,23194
2021-04-22,27091
2021-04-23,26273
2021-04-24,26586
2021-04-25,27561
2021-04-26,28466
2021-04-27,33188
2021-04-28,28557
2021-04-29,27138
2021-04-30,26091
2021-05-01,25638
2021-05-02,27115
2021-05-03,26572
2021-05-04,27077
2021-05-05,27777
2021-05-06,24821
2021-05-07,25275
2021-05-08,27971
2021-05-09,27416
2021-05-10,26895
2021-05-11,24968
2021-05-12,23466
2021-05-13,23302
2021-05-14,23902
2021-05-15,24141
2021-05-16,26067
2021-05-17,25369
2021-05-18,24373
2021-05-19,24069
2021-05-20,24412
2021-05-21,25537
2021-05-22,24732
2021-05-23,25636
2021-05-24,25846
2021-05-25,25709
2021-05-26,24389
2021-05-27,24242
2021-05-28,23416
2021-05-29,23383
2021-05-30,24093
2021-05-31,22722
2021-06-01,21745
2021-06-02,21392
2021-06-03,22944
2021-06-04,22349
2021-06-05,22577
2021-06-06,22913
2021-06-07,21745
2021-06-08,20875
2021-06-09,21107
2021-06-10,20670
2021-06-11,20469
2021-06-12,21547
2021-06-13,24988
2021-06-14,21533
2021-06-15,21586
2021-06-16,23824
2021-06-17,27079
2021-06-18,23959
2021-06-19,24188
2021-06-20,23258
2021-06-21,22036
2021-06-22,22086
2021-06-23,21310
2021-06-24,23615
2021-06-25,50267
2021-06-26,39547
2021-06-27,29055
2021-06-28,24958
2021-06-29,23360
2021-06-30,21898
2021-07-01,22568
2021-07-02,22445
2021-07-03,22162
2021-07-04,22840
2021-07-05,22338
2021-07-06,20622
2021-07-07,20647
2021-07-08,20807
2021-07-09,21481
2021-07-10,22118
2021-07-11,20284
2021-07-12,19612
2021-07-13,19583
2021-07-14,19286
2021-07-15,20275
2021-07-16,22090
2021-07-17,22920
2021-07-18,22754
2021-07-19,20664
2021-07-20,20664
2021-07-21,20074
2021-07-22,21455
2021-07-23,22728
2021-07-24,23019
2021-07-25,22270
2021-07-26,20660
2021-07-27,19740
2021-07-28,19551
2021-07-29,19492
2021-07-30,19346
2021-07-31,20502
2021-08-01,20636
2021-08-02,19344
2021-08-03,19217
2021-08-04,24173
2021-08-05,25493
2021-08-06,24502
2021-08-07,25298
2021-08-08,25750
2021-08-09,23542
2021-08-10,22227
2021-08-11,21368
2021-08-12,22697
2021-08-13,22214
2021-08-14,21890
2021-08-15,21546
2021-08-16,19172
2021-08-17,19136
2021-08-18,19413
2021-08-19,20224
2021-08-20,19930
2021-08-21,20846
2021-08-22,22872
2021-08-23,22043
2021-08-24,21285
2021-08-25,22490
2021-08-26,23591
2021-08-27,24935
2021-08-28,26553
2021-08-29,54350
2021-08-30,35279
2021-08-31,24664
2021-09-01,22726
2021-09-02,22004
2021-09-03,21205
2021-09-04,23547
2021-09-05,22766
2021-09-06,25679
2021-09-07,22600
2021-09-08,22219
2021-09-09,21938
2021-09-10,23867
2021-09-11,23670
2021-09-12,25650
2021-09-13,25214
2021-09-14,24046
2021-09-15,22723
2021-09-16,22273
2021-09-17,21644
2021-09-18,21869
2021-09-19,22413
2021-09-20,21430
2021-09-21,24170
2021-09-22,25635
2021-09-23,23991
2021-09-24,23488
2021-09-25,23732
2021-09-26,24346
2021-09-27,22041
2021-09-28,23973
2021-09-29,23251
2021-09-30,24154
2021-10-01,23805
2021-10-02,23695
2021-10-03,23425
2021-10-04,22206
2021-10-05,20599
2021-10-06,21122
2021-10-07,21146
2021-10-08,23271
2021-10-09,27425
2021-10-10,26732
2021-10-11,24796
2021-10-12,22840
2021-10-13,21740
2021-10-14,22115
2021-10-15,21191
2021-10-16,21889
2021-10-17,22471
2021-10-18,21894
2021-10-19,22196
2021-10-20,21937
2021-10-21,24310
2021-10-22,22727
2021-10-23,22772
2021-10-24,23791
2021-10-25,21646
2021-10-26,22401
2021-10-27,23529
2021-10-28,26898
2021-10-29,27913
2021-10-30,26292
2021-10-31,26376
2021-11-01,28095
2021-11-02,28096
2021-11-03,26669
2021-11-04,22102
2021-11-05,21803
2021-11-06,22117
2021-11-07,22474
2021-11-08,21368
2021-11-09,22534
2021-11-10,22469
2021-11-11,21008
2021-11-12,22165
2021-11-13,22349
2021-11-14,21286
2021-11-15,20190
2021-11-16,20126
2021-11-17,19727
2021-11-18,20652
2021-11-19,18711
2021-11-20,20318
2021-11-21,20289
2021-11-22,20388
2021-11-23,18618
2021-11-24,19248
2021-11-25,18579
2021-11-26,19326
2021-11-27,19416
2021-11-28,20768
2021-11-29,20796
2021-11-30,21628
2021-12-01,20802
2021-12-02,20458
2021-12-03,19795
2021-12-04,20802
2021-12-05,20904
2021-12-06,20242
2021-12-07,20871
2021-12-08,23567
2021-12-09,21693
2021-12-10,20455
2021-12-11,27965
2021-12-12,22288
2021-12-13,22612
2021-12-14,21199
2021-12-15,20798
2021-12-16,18372
2021-12-17,19058
2021-12-18,18894
2021-12-19,19916
2021-12-20,17453
2021-12-21,17783
2021-12-22,18363
2021-12-23,19713
2021-12-24,20782
2021-12-25,22699
2021-12-26,20739
2021-12-27,20203
2021-12-28,19313
2021-12-29,22338
2021-12-30,20032
2021-12-31,20395
2022-01-01,21359
2022-01-02,21435
2022-01-03,19960
2022-01-04,19816
2022-01-05,19202
2022-01-06,21144
2022-01-07,22159
2022-01-08,24020
2022-01-09,26112
2022-01-10,21240
2022-01-11,20431
2022-01-12,19049
2022-01-13,18916
2022-01-14,20998
2022-01-15,20709
2022-01-16,21360
2022-01-17,19282
2022-01-18,19412
2022-01-19,21102
2022-01-20,21959
2022-01-21,24834
2022-01-22,27746
2022-01-23,26699
2022-01-24,23685
2022-01-25,23487
2022-01-26,24386
2022-01-27,24637
2022-01-28,24538
2022-01-29,43740
2022-01-30,57024
2022-01-31,36643
2022-02-01,31120
2022-02-02,33912
2022-02-03,33752
2022-02-04,30576
2022-02-05,33335
2022-02-06,31100
2022-02-07,29290
2022-02-08,28111
2022-02-09,28028
2022-02-10,27543
2022-02-11,29259
2022-02-12,27335
2022-02-13,26811
2022-02-14,32320
2022-02-15,28843
2022-02-16,29076
2022-02-17,30761
2022-02-18,34565
2022-02-19,28675
2022-02-20,28239
2022-02-21,26399
2022-02-22,26953
2022-02-23,25571
2022-02-24,23099
2022-02-25,22070
2022-02-26,20611
2022-02-27,21544
2022-02-28,21605
2022-03-01,20649
2022-03-02,19731
2022-03-03,20232
2022-03-04,21040
2022-03-05,20575
2022-03-06,20887
2022-03-07,21161
2022-03-08,19755
2022-03-09,19985
2022-03-10,19209
2022-03-11,19224
2022-03-12,19881
2022-03-13,20291
2022-03-14,18604
2022-03-15,18219
2022-03-16,18046
2022-03-17,18170
2022-03-18,18399
2022-03-19,18795
2022-03-20,19340
2022-03-21,18929
2022-03-22,18658
2022-03-23,19053
2022-03-24,19368
2022-03-25,18432
2022-03-26,19778
2022-03-27,20436
2022-03-28,21582
2022-03-29,20053
2022-03-30,18802
2022-03-31,19493
2022-04-01,18847
2022-04-02,20363
2022-04-03,21572
2022-04-04,24238
2022-04-05,21416
2022-04-06,19579
2022-04-07,18858
2022-04-08,18521
2022-04-09,18810
2022-04-10,24082
2022-04-11,20304
2022-04-12,18900
2022-04-13,17252
2022-04-14,16933
2022-04-15,18023
2022-04-16,18711
2022-04-17,22373
2022-04-18,20963
2022-04-19,20896
2022-04-20,20116
2022-04-21,20308
2022-04-22,20600
2022-04-23,19043
2022-04-24,19678
2022-04-25,18198
2022-04-26,17326
2022-04-27,19846
2022-04-28,18421
2022-04-29,18174
2022-04-30,18562
2022-05-01,20473
2022-05-02,19282
2022-05-03,18366
2022-05-04,17859
2022-05-05,17934
2022-05-06,17254
2022-05-07,17675
2022-05-08,17815
2022-05-09,18512
2022-05-10,16899
2022-05-11,17065
2022-05-12,17265
2022-05-13,17401
2022-05-14,17124
2022-05-15,18039
2022-05-16,21021
2022-05-17,18073
2022-05-18,16908
2022-05-19,17166
2022-05-20,17770
2022-05-21,16981
2022-05-22,17908
2022-05-23,17632
2022-05-24,16899
2022-05-25,16349
2022-05-26,17330
2022-05-27,16608
2022-05-28,16216
2022-05-29,17303
2022-05-30,18748
2022-05-31,17773
2022-06-01,16980
2022-06-02,17374
2022-06-03,17327
2022-06-04,20141
2022-06-05,18938
2022-06-06,17943
2022-06-07,17979
2022-06-08,17973
2022-06-09,17840
2022-06-10,18530
2022-06-11,19179
2022-06-12,23892
2022-06-13,35248
2022-06-14,22451
2022-06-15,19700
2022-06-16,19519
2022-06-17,19977
2022-06-18,21197
2022-06-19,21360
2022-06-20,19427
2022-06-21,19635
2022-06-22,22300
2022-06-23,21097
2022-06-24,25259
2022-06-25,54228
2022-06-26,45414
2022-06-27,28873
2022-06-28,24989
2022-06-29,25398
2022-06-30,24563
2022-07-01,23489
2022-07-02,23969
2022-07-03,24994
2022-07-04,24646
2022-07-05,22368
2022-07-06,22424
2022-07-07,22093
2022-07-08,21144
2022-07-09,21202
2022-07-10,23286
2022-07-11,20795
2022-07-12,19409
2022-07-13,19628
2022-07-14,19649
2022-07-15,20156
2022-07-16,22368
2022-07-17,24533
2022-07-18,22296
2022-07-19,26299
2022-07-20,23235
2022-07-21,22899
2022-07-22,22730
2022-07-23,26348
2022-07-24,26083
2022-07-25,26599
2022-07-26,38473
2022-07-27,26146
2022-07-28,23534
2022-07-29,22953
2022-07-30,24295
2022-07-31,24940
2022-08-01,22258
2022-08-02,22498
2022-08-03,22780
2022-08-04,21258
2022-08-05,21083
2022-08-06,22313
2022-08-07,24374
2022-08-08,23911
2022-08-09,24795
2022-08-10,23274
2022-08-11,22137
2022-08-12,22069
2022-08-13,25394
2022-08-14,27892
2022-08-15,24432
2022-08-16,24268
2022-08-17,26362
2022-08-18,22255
2022-08-19,22260
2022-08-20,23958
2022-08-21,27289
2022-08-22,23576
2022-08-23,22795
2022-08-24,23637
2022-08-25,24368
2022-08-26,24985
2022-08-27,25149
2022-08-28,27475
2022-08-29,46371
2022-08-30,37439
2022-08-31,27404
2022-09-01,26404
2022-09-02,27012
2022-09-03,31971
2022-09-04,36685
2022-09-05,32272
2022-09-06,29242
2022-09-07,36858
2022-09-08,27846
2022-09-09,25310
2022-09-10,27538
2022-09-11,27838
2022-09-12,25235
2022-09-13,23813
2022-09-14,23589
2022-09-15,23639
2022-09-16,24963
2022-09-17,25268
2022-09-18,25461
2022-09-19,23290
2022-09-20,21018
2022-09-21,21143
2022-09-22,20920
2022-09-23,20744
2022-09-24,24331
2022-09-25,27106
2022-09-26,23735
2022-09-27,29462
2022-09-28,21734
2022-09-29,21063
2022-09-30,21479
2022-10-01,22144
2022-10-02,25172
2022-10-03,20509
2022-10-04,19527
2022-10-05,20534
2022-10-06,20584
2022-10-07,21626
2022-10-08,22992
2022-10-09,24338
2022-10-10,21668
2022-10-11,21192
2022-10-12,22361
2022-10-13,23515
2022-10-14,21225
2022-10-15,21814
2022-10-16,22614
2022-10-17,20218
2022-10-18,19244
2022-10-19,19348
2022-10-20,19906
2022-10-21,20963
2022-10-22,21537
2022-10-23,21690
2022-10-24,20740
2022-10-25,20499
2022-10-26,20676
2022-10-27,21081
2022-10-28,25137
2022-10-29,25138
2022-10-30,26316
2022-10-31,26944
2022-11-01,23566
2022-11-02,21393
2022-11-03,21570
2022-11-04,22281
2022-11-05,24349
2022-11-06,23935
2022-11-07,21780
2022-11-08,21468
2022-11-09,20154
2022-11-10,20870
2022-11-11,22488
2022-11-12,23665
2022-11-13,22311
2022-11-14,22675
2022-11-15,32483
2022-11-16,22111
2022-11-17,22290
2022-11-18,24268
2022-11-19,25683
2022-11-20,27147
2022-11-21,23700
2022-11-22,21326
2022-11-23,21956
2022-11-24,22595
2022-11-25,22221
2022-11-26,24401
2022-11-27,25007
2022-11-28,22255
2022-11-29,20987
2022-11-30,24236
2022-12-01,21800
2022-12-02,19179
2022-12-03,20499
2022-12-04,19982
2022-12-05,18804
2022-12-06,19682
2022-12-07,24471
2022-12-08,20345
2022-12-09,18820
2022-12-10,21565
2022-12-11,24574
2022-12-12,21522
2022-12-13,20303
2022-12-14,20026
2022-12-15,20885
2022-12-16,21342
2022-12-17,21989
2022-12-18,20166
2022-12-19,19535
2022-12-20,19706
2022-12-21,18332
2022-12-22,18449
2022-12-23,19224
2022-12-24,22159
2022-12-25,24462
2022-12-26,24126
2022-12-27,22193
2022-12-28,20903
2022-12-29,21916
2022-12-30,23171
2022-12-31,26386
2023-01-01,26870
2023-01-02,23985
2023-01-03,19785
2023-01-04,22540
2023-01-05,20489
2023-01-06,20546
2023-01-07,21201
2023-01-08,21724
2023-01-09,20355
2023-01-10,19746
2023-01-11,20066
2023-01-12,28305
2023-01-13,285069
2023-01-14,89630
2023-01-15,51501
2023-01-16,40880
2023-01-17,35092
2023-01-18,32683
2023-01-19,32126
2023-01-20,31055
2023-01-21,30142
2023-01-22,32563
2023-01-23,30398
2023-01-24,26082
2023-01-25,25981
2023-01-26,24888
2023-01-27,24683
2023-01-28,27510
2023-01-29,26331
2023-01-30,27013
2023-01-31,42625
2023-02-01,32066
2023-02-02,28036
2023-02-03,30525
2023-02-04,28930
2023-02-05,28644
2023-02-06,30892
2023-02-07,26892
2023-02-08,26354
2023-02-09,26312
2023-02-10,25840
2023-02-11,25944
2023-02-12,28731
2023-02-13,33605
2023-02-14,27558
2023-02-15,26162
2023-02-16,24994
2023-02-17,25667
2023-02-18,25495
2023-02-19,25764
2023-02-20,25155
2023-02-21,23710
2023-02-22,24742
2023-02-23,25112
2023-02-24,26290
2023-02-25,26113
2023-02-26,26514
2023-02-27,25267
2023-02-28,26386
2023-03-01,28476
2023-03-02,24185
2023-03-03,24200
2023-03-04,24809
2023-03-05,26278
2023-03-06,22933
2023-03-07,23615
2023-03-08,22436
2023-03-09,23597
2023-03-10,25288
2023-03-11,25520
2023-03-12,27541
2023-03-13,24144
2023-03-14,24105
2023-03-15,23119
2023-03-16,24001
2023-03-17,30860
2023-03-18,31286
2023-03-19,30863
2023-03-20,26064
2023-03-21,25711
2023-03-22,25124
2023-03-23,30636
2023-03-24,26101
2023-03-25,26737
2023-03-26,26749
2023-03-27,23031
2023-03-28,21855
2023-03-29,22539
2023-03-30,23491
2023-03-31,22568
2023-04-01,23437
2023-04-02,24273
2023-04-03,22157
2023-04-04,21194
2023-04-05,20099
2023-04-06,20542
2023-04-07,21598
2023-04-08,21514
2023-04-09,21819
2023-04-10,21272
2023-04-11,18979
2023-04-12,19550
2023-04-13,19160
2023-04-14,19713
2023-04-15,19346
2023-04-16,20327
2023-04-17,19594
2023-04-18,18336
2023-04-19,18425
2023-04-20,19910
2023-04-21,20819
2023-04-22,21936
2023-04-23,23727
2023-04-24,22086
2023-04-25,22092
2023-04-26,22778
2023-04-27,24088
2023-04-28,25387
2023-04-29,26548
2023-04-30,27586
2023-05-01,25233
2023-05-02,23199
2023-05-03,22164
2023-05-04,23235
2023-05-05,25266
2023-05-06,24479
2023-05-07,29445
2023-05-08,29588
2023-05-09,24005
2023-05-10,23575
2023-05-11,23158
2023-05-12,22824
2023-05-13,22831
2023-05-14,23830
2023-05-15,22766
2023-05-16,24117
2023-05-17,22740
2023-05-18,21718
2023-05-19,22281
2023-05-20,24599
2023-05-21,25108
2023-05-22,23567
2023-05-23,22105
2023-05-24,23850
2023-05-25,28607
2023-05-26,22613
2023-05-27,23440
2023-05-28,23329
2023-05-29,25003
2023-05-30,23441
2023-05-31,21900
2023-06-01,21786
2023-06-02,21727
2023-06-03,29315
2023-06-04,23463
2023-06-05,21354
2023-06-06,20281
2023-06-07,20811
2023-06-08,20567
2023-06-09,21018
2023-06-10,21642
2023-06-11,25319
2023-06-12,22502
2023-06-13,21049
2023-06-14,20804
2023-06-15,20516
2023-06-16,21853
2023-06-17,23662
2023-06-18,24168
2023-06-19,23124
2023-06-20,22958
2023-06-21,23195
2023-06-22,21211
2023-06-23,21490
2023-06-24,24405
2023-06-25,42062
2023-06-26,31047
2023-06-27,28175
2023-06-28,24509
2023-06-29,23214
2023-06-30,22068
2023-07-01,21920
2023-07-02,22334
2023-07-03,20778
2023-07-04,20890
2023-07-05,19663
2023-07-06,20744
2023-07-07,20664
2023-07-08,21894
2023-07-09,22325
2023-07-10,21208
2023-07-11,21944
2023-07-12,20360
2023-07-13,23648
2023-07-14,29663
2023-07-15,24238
2023-07-16,22650
2023-07-17,21338
2023-07-18,21695
2023-07-19,21987
2023-07-20,20964
2023-07-21,20817
2023-07-22,22661
2023-07-23,22757
2023-07-24,20922
2023-07-25,21422
2023-07-26,21938
2023-07-27,20978
2023-07-28,20438
2023-07-29,21979
2023-07-30,21982
2023-07-31,19507
2023-08-01,20016
2023-08-02,20145
2023-08-03,20442
2023-08-04,19743
2023-08-05,21898
2023-08-06,22942
2023-08-07,22223
2023-08-08,21249
2023-08-09,21073
2023-08-10,20734
2023-08-11,21029
2023-08-12,21419
2023-08-13,22581
2023-08-14,20740
2023-08-15,20334
2023-08-16,20615
2023-08-17,21501
2023-08-18,20761
2023-08-19,30456
2023-08-20,25053
2023-08-21,21567
2023-08-22,21873
2023-08-23,24160
2023-08-24,23637
2023-08-25,23720
2023-08-26,23898
2023-08-27,24153
2023-08-28,23671
2023-08-29,45599
2023-08-30,48809
2023-08-31,36427
2023-09-01,37491
2023-09-02,29040
2023-09-03,30528
2023-09-04,27730
2023-09-05,24166
2023-09-06,24636
2023-09-07,24267
2023-09-08,23923
2023-09-09,26288
2023-09-10,26390
2023-09-11,22928
2023-09-12,21177
2023-09-13,21106
2023-09-14,21508
2023-09-15,20711
2023-09-16,22085
2023-09-17,24615
2023-09-18,22193
2023-09-19,21213
2023-09-20,21030
2023-09-21,20504
2023-09-22,20765
2023-09-23,22704
2023-09-24,23770
2023-09-25,21557
2023-09-26,21194
2023-09-27,21042
2023-09-28,22994
2023-09-29,22345
2023-09-30,23335
2023-10-01,25764
2023-10-02,22660
2023-10-03,21206
2023-10-04,21658
2023-10-05,21885
2023-10-06,22015
2023-10-07,24402
2023-10-08,23808
2023-10-09,21439
2023-10-10,21078
2023-10-11,20585
2023-10-12,21386
2023-10-13,21498
2023-10-14,23393
2023-10-15,26783
2023-10-16,22061
2023-10-17,23027
2023-10-18,22964
2023-10-19,22196
2023-10-20,21303
2023-10-21,21584
2023-10-22,22887
2023-10-23,22230
2023-10-24,20931
2023-10-25,22916
2023-10-26,22854
2023-10-27,23610
2023-10-28,24710
2023-10-29,28301
2023-10-30,26494
2023-10-31,26535
2023-11-01,24785
2023-11-02,25080
2023-11-03,25898
2023-11-04,26040
2023-11-05,25616
2023-11-06,24593
2023-11-07,22856
2023-11-08,22698
2023-11-09,23898
2023-11-10,25076
2023-11-11,26677
2023-11-12,23568
2023-11-13,21821
2023-11-14,21169
2023-11-15,20533
2023-11-16,20547
2023-11-17,21525
2023-11-18,22887
2023-11-19,23376
2023-11-20,22379
2023-11-21,22359
2023-11-22,21923
2023-11-23,22112
2023-11-24,21786
2023-11-25,23095
2023-11-26,23329
2023-11-27,21975
2023-11-28,21543
2023-11-29,22921
2023-11-30,22113
2023-12-01,21900
2023-12-02,29270
2023-12-03,32283
2023-12-04,25165
2023-12-05,25194
2023-12-06,24363
2023-12-07,23811
2023-12-08,24335
2023-12-09,27949
2023-12-10,25825
2023-12-11,24630
2023-12-12,21518
2023-12-13,21004
2023-12-14,21046
2023-12-15,21748
2023-12-16,25996
2023-12-17,25302
2023-12-18,23016
2023-12-19,21052
2023-12-20,19680
2023-12-21,19898
2023-12-22,19876
2023-12-23,22196
2023-12-24,27316
2023-12-25,31274
2023-12-26,24439
2023-12-27,24358
2023-12-28,25809
2023-12-29,22521
2023-12-30,22791
2023-12-31,24218
2024-01-01,25893
2024-01-02,22246
2024-01-03,20982
2024-01-04,27057
2024-01-05,27175
2024-01-06,26141
2024-01-07,24828
2024-01-08,22393
2024-01-09,22975
2024-01-10,22644
2024-01-11,23302
2024-01-12,27172
2024-01-13,25481
2024-01-14,25460
2024-01-15,23888
2024-01-16,22725
2024-01-17,21974
2024-01-18,22437
2024-01-19,24429
2024-01-20,28253
2024-01-21,26498
2024-01-22,24543
2024-01-23,23555
2024-01-24,24591
2024-01-25,25611
2024-01-26,25818
2024-01-27,28513
2024-01-28,28984
2024-01-29,27189
2024-01-30,28209
2024-01-31,30266
2024-02-01,31200
2024-02-02,32541
2024-02-03,38473
2024-02-04,36771
2024-02-05,41743
2024-02-06,38973
2024-02-07,34505
2024-02-08,32995
2024-02-09,29864
2024-02-10,34177
2024-02-11,37024
2024-02-12,38737
2024-02-13,37092
2024-02-14,35258
2024-02-15,31194
2024-02-16,32642
2024-02-17,33472
2024-02-18,33450
2024-02-19,30826
2024-02-20,31120
2024-02-21,31245
2024-02-22,31144
2024-02-23,31433
2024-02-24,30201
2024-02-25,34866
2024-02-26,32291
2024-02-27,27375
2024-02-28,27514
2024-02-29,27866
2024-03-01,28722
2024-03-02,27301
2024-03-03,31225
2024-03-04,26309
2024-03-05,24551
2024-03-06,23914
2024-03-07,23571
2024-03-08,23943
2024-03-09,25235
2024-03-10,24916
2024-03-11,21877
2024-03-12,20997
2024-03-13,23388
2024-03-14,26253
2024-03-15,22490
2024-03-16,21505
2024-03-17,22275
2024-03-18,20729
2024-03-19,19285
2024-03-20,19468
2024-03-21,22672
2024-03-22,25612
2024-03-23,24355
2024-03-24,28700
2024-03-25,23255
2024-03-26,21922
2024-03-27,23421
2024-03-28,31944
2024-03-29,28834
2024-03-30,24113
2024-03-31,29567
2024-04-01,22209
2024-04-02,20340
2024-04-03,21352
2024-04-04,20581
2024-04-05,23168
2024-04-06,22320
2024-04-07,22109
2024-04-08,19470
2024-04-09,19798
2024-04-10,19480
2024-04-11,21610
2024-04-12,22080
2024-04-13,21128
2024-04-14,21056
2024-04-15,19721
2024-04-16,19115
2024-04-17,19835
2024-04-18,19506
2024-04-19,21783
2024-04-20,20478
2024-04-21,21587
2024-04-22,21403
2024-04-23,18895
2024-04-24,19130
2024-04-25,19718
2024-04-26,19064
2024-04-27,19043
2024-04-28,21499
2024-04-29,20671
2024-04-30,19346
2024-05-01,19643
2024-05-02,20064
2024-05-03,20518
2024-05-04,27295
2024-05-05,23750
2024-05-06,21760
2024-05-07,18677
2024-05-08,18711
2024-05-09,18965
2024-05-10,17732
2024-05-11,17657
2024-05-12,18321
2024-05-13,17846
2024-05-14,18153
2024-05-15,19114
2024-05-16,21236
2024-05-17,18556
2024-05-18,18229
2024-05-19,17777
2024-05-20,17636
2024-05-21,18709
2024-05-22,19809
2024-05-23,20197
2024-05-24,19146
2024-05-25,19948
2024-05-26,21550
2024-05-27,20067
2024-05-28,20883
2024-05-29,20016
2024-05-30,18848
2024-05-31,19611
2024-06-01,21122
2024-06-02,20099
2024-06-03,18861
2024-06-04,17470
2024-06-05,17398
2024-06-06,16899
2024-06-07,17504
2024-06-08,20211
2024-06-09,23376
2024-06-10,21467
2024-06-11,19452
2024-06-12,19119
2024-06-13,17491
2024-06-14,17265
2024-06-15,18329
2024-06-16,18682
2024-06-17,19074
2024-06-18,17593
2024-06-19,17061
2024-06-20,19854
2024-06-21,17995
2024-06-22,19465
2024-06-23,19473
2024-06-24,21328
2024-06-25,50627
2024-06-26,32019
2024-06-27,25297
2024-06-28,21838
2024-06-29,21033
2024-06-30,19579
2024-07-01,17383
2024-07-02,16376
2024-07-03,16995
2024-07-04,19348
2024-07-05,18146
2024-07-06,18192
2024-07-07,18933
2024-07-08,17628
2024-07-09,16839
2024-07-10,17313
2024-07-11,18591
2024-07-12,17902
2024-07-13,18778
2024-07-14,17133
2024-07-15,15465
2024-07-16,15278
2024-07-17,15991
2024-07-18,16509
2024-07-19,16782
2024-07-20,18400
2024-07-21,18042
2024-07-22,16469
2024-07-23,15949
2024-07-24,21088
2024-07-25,19258
2024-07-26,17453
2024-07-27,17372
2024-07-28,17000
2024-07-29,14953
2024-07-30,14705
2024-07-31,14356
2024-08-01,14768
2024-08-02,15186
2024-08-03,15642
2024-08-04,15700
2024-08-05,14390
2024-08-06,14336
2024-08-07,14391
2024-08-08,16841
2024-08-09,16087
2024-08-10,16370
2024-08-11,18687
2024-08-12,15775
2024-08-13,16301
2024-08-14,17283
2024-08-15,20131
2024-08-16,19317
2024-08-17,18884
2024-08-18,17855
2024-08-19,16735
2024-08-20,16230
2024-08-21,17657
2024-08-22,17559
2024-08-23,17590
2024-08-24,19040
2024-08-25,19408
2024-08-26,18485
2024-08-27,18347
2024-08-28,20310
2024-08-29,35374
2024-08-30,28850
2024-08-31,25127
2024-09-01,23625
2024-09-02,22038
2024-09-03,18724
2024-09-04,17401
2024-09-05,21219
2024-09-06,19942
2024-09-07,20443
2024-09-08,21979
2024-09-09,18563
2024-09-10,16795
2024-09-11,16612
2024-09-12,18473
2024-09-13,19520
2024-09-14,18963
2024-09-15,20485
2024-09-16,115125
2024-09-17,48169
2024-09-18,32470
2024-09-19,25069
2024-09-20,24822
2024-09-21,24603
2024-09-22,25402
2024-09-23,23048
2024-09-24,21910
2024-09-25,20812
2024-09-26,22443
2024-09-27,22630
2024-09-28,23809
2024-09-29,25347
2024-09-30,26112
2024-10-01,27276
2024-10-02,27516
2024-10-03,27947
2024-10-04,28960
2024-10-05,28564
2024-10-06,28888
2024-10-07,27848
2024-10-08,33751
2024-10-09,43374
2024-10-10,32177
2024-10-11,32029
2024-10-12,34363
2024-10-13,33182
2024-10-14,30909
2024-10-15,26752
2024-10-16,25473
2024-10-17,26444
2024-10-18,25512
2024-10-19,26721
2024-10-20,27841
2024-10-21,25146
2024-10-22,22959
2024-10-23,22982
2024-10-24,22396
2024-10-25,22692
2024-10-26,23975
2024-10-27,23171
2024-10-28,21472
2024-10-29,21851
2024-10-30,22220
2024-10-31,23492
2024-11-01,24326
2024-11-02,24414
2024-11-03,23129
2024-11-04,35772
2024-11-05,28072
2024-11-06,21193
2024-11-07,21369
2024-11-08,21772
2024-11-09,21967
2024-11-10,22090
2024-11-11,20506
2024-11-12,20973
2024-11-13,20397
2024-11-14,21188
2024-11-15,19831
2024-11-16,39897
2024-11-17,20391
2024-11-18,19359
2024-11-19,18376
2024-11-20,17923
2024-11-21,18594
2024-11-22,19715
2024-11-23,19529
2024-11-24,19377
2024-11-25,18961
2024-11-26,19537
2024-11-27,19180
2024-11-28,18662
2024-11-29,18743
2024-11-30,19243
2024-12-01,18303
2024-12-02,16743
2024-12-03,16664
2024-12-04,16203
2024-12-05,16457
2024-12-06,20380
2024-12-07,21786
2024-12-08,19056
2024-12-09,17217
2024-12-10,16460
2024-12-11,19496
2024-12-12,19466
2024-12-13,19033
2024-12-14,22109
2024-12-15,20406
2024-12-16,17178
2024-12-17,17233
2024-12-18,18202
2024-12-19,16575
2024-12-20,17036
2024-12-21,17891
2024-12-22,17941
2024-12-23,18251
2024-12-24,18959
2024-12-25,20522
2024-12-26,18338
2024-12-27,18281
2024-12-28,18279
2024-12-29,17933
2024-12-30,18397
2024-12-31,18833
2025-01-01,22144
2025-01-02,18127
2025-01-03,17276
2025-01-04,18217
2025-01-05,18585
2025-01-06,17105
2025-01-07,16785
2025-01-08,21713
2025-01-09,19209
2025-01-10,17340
2025-01-11,18786
2025-01-12,19318
2025-01-13,17939
2025-01-14,16683
2025-01-15,17134
2025-01-16,18454
2025-01-17,20258
2025-01-18,18923
2025-01-19,18584
2025-01-20,16876
2025-01-21,16106
2025-01-22,15789
2025-01-23,16744
2025-01-24,18220
2025-01-25,19071
2025-01-26,18894
2025-01-27,17900
2025-01-28,16593
2025-01-29,16558
2025-01-30,16658
2025-01-31,16907
2025-02-01,17991
2025-02-02,19171
2025-02-03,22920
2025-02-04,20239
2025-02-05,19866
2025-02-06,19283
2025-02-07,20483
2025-02-08,18945
2025-02-09,21080
2025-02-10,24158
2025-02-11,22246
2025-02-12,22173
2025-02-13,21383
2025-02-14,19254
2025-02-15,19032
2025-02-16,20380
2025-02-17,19426
2025-02-18,18577
2025-02-19,18562
2025-02-20,18628
2025-02-21,18989
2025-02-22,18872
2025-02-23,20026
2025-02-24,19346
2025-02-25,19441
2025-02-26,19381
2025-02-27,19587
2025-02-28,20240
2025-03-01,20945
2025-03-02,21971
2025-03-03,23976
2025-03-04,19720
2025-03-05,20395
2025-03-06,18362
2025-03-07,18269
2025-03-08,17980
2025-03-09,20540
2025-03-10,19118
2025-03-11,17694
2025-03-12,17558
2025-03-13,18306
2025-03-14,19410
2025-03-15,18545
2025-03-16,21067
2025-03-17,20162
2025-03-18,20853
2025-03-19,20644
2025-03-20,17678
2025-03-21,17656
2025-03-22,18426
2025-03-23,18386
2025-03-24,17220
2025-03-25,16206
2025-03-26,19420
2025-03-27,16018
2025-03-28,18722
2025-03-29,18662
2025-03-30,18498
2025-03-31,16962
2025-04-01,15454
2025-04-02,15607
2025-04-03,15655
2025-04-04,15753
2025-04-05,17337
2025-04-06,17409
2025-04-07,16143
2025-04-08,16370
2025-04-09,15623
2025-04-10,16584
2025-04-11,17606
2025-04-12,18308
2025-04-13,19482
2025-04-14,16291
2025-04-15,16023
2025-04-16,16197
2025-04-17,16683
2025-04-18,18128
2025-04-19,20475
2025-04-20,21406
2025-04-21,16507
2025-04-22,15869
2025-04-23,16559
2025-04-24,15794
2025-04-25,16710
2025-04-26,19392
2025-04-27,18403
2025-04-28,16588
2025-04-29,15480
2025-04-30,16414
2025-05-01,15976
2025-05-02,15046
2025-05-03,16597
2025-05-04,18340
2025-05-05,21560
2025-05-06,16580
2025-05-07,14875
2025-05-08,15089
2025-05-09,15019
2025-05-10,15289
2025-05-11,16273
2025-05-12,14942
2025-05-13,14925
2025-05-14,15705
2025-05-15,14952
2025-05-16,15473
2025-05-17,15354
2025-05-18,16065
2025-05-19,15668
2025-05-20,14967
2025-05-21,14388
2025-05-22,14752
2025-05-23,15609
2025-05-24,16301
2025-05-25,16667
2025-05-26,15772
2025-05-27,24725
2025-05-28,16089
2025-05-29,15949
2025-05-30,15858
2025-05-31,16623
2025-06-01,17539
2025-06-02,15254
2025-06-03,14259
2025-06-04,15135
2025-06-05,14718
2025-06-06,16505
2025-06-07,17289
2025-06-08,19218
2025-06-09,16945
2025-06-10,15115
2025-06-11,15019
2025-06-12,15012
2025-06-13,15629
2025-06-14,16297
2025-06-15,17526
2025-06-16,16017
2025-06-17,14709
2025-06-18,14481
2025-06-19,15102
2025-06-20,17600
2025-06-21,18084
2025-06-22,18740
2025-06-23,16382
2025-06-24,16181
2025-06-25,34935
2025-06-26,27163
2025-06-27,18871
2025-06-28,18058
2025-06-29,18295
2025-06-30,16770
2025-07-01,14857
2025-07-02,15175
2025-07-03,16997
2025-07-04,16617
2025-07-05,18057
2025-07-06,17635
2025-07-07,16296
2025-07-08,16080
2025-07-09,16691
2025-07-10,16545
2025-07-11,16819
2025-07-12,17404
2025-07-13,18576
2025-07-14,16539
2025-07-15,16422
2025-07-16,15660
2025-07-17,16034
2025-07-18,16490
2025-07-19,16553
2025-07-20,17351
2025-07-21,16332
2025-07-22,16534
2025-07-23,17742
2025-07-24,19378
2025-07-25,18209
2025-07-26,19388
2025-07-27,19160
2025-07-28,17007
2025-07-29,16758
2025-07-30,16788
2025-07-31,17110
2025-08-01,19419
2025-08-02,19644
2025-08-03,20436
2025-08-04,18782
2025-08-05,18208
2025-08-06,17348
2025-08-07,19231
2025-08-08,18536
2025-08-09,19844
2025-08-10,20898
2025-08-11,18094
2025-08-12,17071
2025-08-13,23166
2025-08-14,20603
2025-08-15,17653
2025-08-16,18806
2025-08-17,19839
2025-08-18,18610
2025-08-19,18217
2025-08-20,17011
2025-08-21,16582
2025-08-22,17661
2025-08-23,19138
2025-08-24,17900
2025-08-25,16822
2025-08-26,23463
2025-08-27,27198
2025-08-28,23102
2025-08-29,32833
2025-08-30,33026
2025-08-31,26485
2025-09-01,21297
2025-09-02,19348
2025-09-03,20696
2025-09-04,23365
2025-09-05,22548
2025-09-06,19879
2025-09-07,18590
2025-09-08,16960
2025-09-09,16243
2025-09-10,16685
2025-09-11,15915
2025-09-12,16282
2025-09-13,16415
2025-09-14,16816
2025-09-15,16415
2025-09-16,15266
2025-09-17,16351
2025-09-18,16173
2025-09-19,17271
2025-09-20,17801
2025-09-21,20067
2025-09-22,20771
2025-09-23,20244
2025-09-24,20049
2025-09-25,19110
2025-09-26,17792
2025-09-27,17729
2025-09-28,20011
2025-09-29,16271
2025-09-30,15905
2025-10-01,16979
2025-10-02,20854
2025-10-03,19619
2025-10-04,19339
2025-10-05,19307
2025-10-06,19126
2025-10-07,18019
2025-10-08,17406
2025-10-09,17086
2025-10-10,17114
2025-10-11,17964
2025-10-12,18009
2025-10-13,16826
2025-10-14,18276
2025-10-15,18126
2025-10-16,18652
2025-10-17,19667
2025-10-18,18866
2025-10-19,19224
2025-10-20,17505
2025-10-21,16983
2025-10-22,17260
2025-10-23,16966
2025-10-24,17181
2025-10-25,17868
2025-10-26,18415
2025-10-27,17378
2025-10-28,16385
2025-10-29,16812
2025-10-30,17701
2025-10-31,20399
2025-11-01,21774
2025-11-02,20507
2025-11-03,18088
2025-11-04,16494
2025-11-05,15473
2025-11-06,43412
2025-11-07,75854
2025-11-08,64663
2025-11-09,58797
2025-11-10,47169
2025-11-11,44653
2025-11-12,47181
2025-11-13,37483
2025-11-14,36383
2025-11-15,34801
2025-11-16,32672
2025-11-17,27529
2025-11-18,25949
2025-11-19,26800
2025-11-20,28330
2025-11-21,28640
2025-11-22,28356
2025-11-23,28272
2025-11-24,24655
2025-11-25,23840
2025-11-26,28665
2025-11-27,23988
2025-11-28,23195
2025-11-29,26348
2025-11-30,23500
2025-12-01,19931
2025-12-02,20302
2025-12-03,19785
2025-12-04,19639
2025-12-05,19162
2025-12-06,20083
2025-12-07,18845
2025-12-08,16825
2025-12-09,16388
2025-12-10,17073
2025-12-11,17045
2025-12-12,16839
2025-12-13,17786
2025-12-14,16914
2025-12-15,15469
2025-12-16,14842
2025-12-17,15717
2025-12-18,16525
2025-12-19,17521
2025-12-20,29327
2025-12-21,22307
2025-12-22,20645
2025-12-23,18741
2025-12-24,18601
2025-12-25,19338
2025-12-26,18082
2025-12-27,19167
2025-12-28,17975
2025-12-29,17243
2025-12-30,16824
2025-12-31,16870
2026-01-01,18261
2026-01-02,16732
2026-01-03,16767
2026-01-04,16049
2026-01-05,15168
2026-01-06,16627
2026-01-07,16302
2026-01-08,18421
2026-01-09,16937
2026-01-10,18578
2026-01-11,18497
2026-01-12,16214
2026-01-13,16084
2026-01-14,16211
2026-01-15,16501
2026-01-16,16458
2026-01-17,17029
2026-01-18,16817
2026-01-19,16351
2026-01-20,15258
2026-01-21,15329
2026-01-22,15319
2026-01-23,15573
2026-01-24,17132
2026-01-25,16652
2026-01-26,15580
2026-01-27,15354
2026-01-28,15604
2026-01-29,15746
2026-01-30,16301
2026-01-31,18691
2026-02-01,21372
2026-02-02,32605
2026-02-03,35945
2026-02-04,33626
2026-02-05,34083
2026-02-06,31461
2026-02-07,30034
2026-02-08,30846
2026-02-09,33193
2026-02-10,32275
2026-02-11,34123
2026-02-12,33410
2026-02-13,30382
2026-02-14,30117
2026-02-15,32781
2026-02-16,30634
2026-02-17,31153
2026-02-18,29331
2026-02-19,29279
2026-02-20,31825
2026-02-21,30597
2026-02-22,29101
2026-02-23,25927
2026-02-24,24295
2026-02-25,23569
2026-02-26,24008
2026-02-27,24506
2026-02-28,23605
2026-03-01,23403
2026-03-02,20066
2026-03-03,18249
2026-03-04,18609
2026-03-05,19991
2026-03-06,19774
2026-03-07,20233
2026-03-08,19553
2026-03-09,17469
2026-03-10,17812
2026-03-11,19384
2026-03-12,19566
2026-03-13,19544
2026-03-14,20710
2026-03-15,20278
2026-03-16,17459
2026-03-17,16251
2026-03-18,16321
2026-03-19,17090
2026-03-20,17002
2026-03-21,18695
2026-03-22,17657
2026-03-23,17728
2026-03-24,17910
2026-03-25,16726
2026-03-26,16930
2026-03-27,17518
2026-03-28,17828
2026-03-29,19526
2026-03-30,17952
2026-03-31,16844
2026-04-01,16516
2026-04-02,18590
2026-04-03,25172
2026-04-04,26456
2026-04-05,27744
2026-04-06,25179
2026-04-07,27820
2026-04-08,39637
2026-04-09,37459
2026-04-10,36659
2026-04-11,49761
2026-04-12,46601
2026-04-13,39900
2026-04-14,37941
2026-04-15,43230
2026-04-16,35310
2026-04-17,36249
2026-04-18,38516
2026-04-19,38167
2026-04-20,37775
2026-04-21,60858
2026-04-22,98349
2026-04-23,121106
2026-04-24,186806
2026-04-25,288031
2026-04-26,339354
2026-04-27,312623
2026-04-28,264743
2026-04-29,265032
2026-04-30,233662
2026-05-01,240171
2026-05-02,278856
2026-05-03,307489
2026-05-04,240356
2026-05-05,181792
2026-05-06,173654
2026-05-07,155424
2026-05-08,155797
2026-05-09,195118
2026-05-10,209374
2026-05-11,164353
2026-05-12,138925
2026-05-13,138588
2026-05-14,123925
2026-05-15,119029
2026-05-16,141046
2026-05-17,147265
2026-05-18,118518
2026-05-19,99534
2026-05-20,98182
2026-05-21,90503
2026-05-22,90817
2026-05-23,103569
2026-05-24,114961
2026-05-25,105544
2026-05-26,88513
2026-05-27,85014
2026-05-28,78767
2026-05-29,77471
2026-05-30,83418
2026-05-31,86139
2026-06-01,73274
2026-06-02,65261
2026-06-03,94775
2026-06-04,110039
2026-06-05,103653
2026-06-06,111608
2026-06-07,114842
2026-06-08,96378
2026-06-09,97031
2026-06-10,102424
2026-06-11,91190
2026-06-12,96748
2026-06-13,112637
2026-06-14,111754
2026-06-15,85083
2026-06-16,74418
2026-06-17,67332
2026-06-18,64746
2026-06-19,68458
2026-06-20,76778
2026-06-21,81169
2026-06-22,63983
2026-06-23,54513
2026-06-24,55152
2026-06-25,78622
2026-06-26,62903
2026-06-27,62147
2026-06-28,63123
2026-06-29,55490
2026-06-30,46786
2026-07-01,44333
2026-07-02,41897
2026-07-03,44348
2026-07-04,47654
2026-07-05,52576
2026-07-06,41876
2026-07-07,37158
2026-07-08,37119
2026-07-09,36959
2026-07-10,36498
2026-07-11,40647
2026-07-12,42131
2026-07-13,39352
2026-07-14,34216
2026-07-15,31702
2026-07-16,32376
2026-07-17,34877
2026-07-18,38976
2026-07-19,37155
2026-07-20,30127
2026-07-21,28719
2026-07-22,28729
2026-07-23,28622
2026-07-24,30353
2026-07-25,35486
2026-07-26,37900
2026-07-27,31152
2026-07-28,29866
2026-07-29,28632
2026-07-30,27881
2026-07-31,29273
2026-08-01,33711
2026-08-02,35352
2026-08-03,29290
2026-08-04,25880
2026-08-05,25163
2026-08-06,25513
2026-08-07,28930
2026-08-08,31457
2026-08-09,32766
2026-08-10,30178
2026-08-11,34659
2026-08-12,33463
2026-08-13,38236
2026-08-14,35710
2026-08-15,42617
2026-08-16,49127
2026-08-17,38989
2026-08-18,31803
2026-08-19,29041
2026-08-20,28618
2026-08-21,30515
2026-08-22,37233
2026-08-23,41282
2026-08-24,31484
2026-08-25,29322
2026-08-26,30968
2026-08-27,29447
2026-08-28,31732
2026-08-29,70265
2026-08-30,68132
2026-08-31,43694
2026-09-01,35459
2026-09-02,32056
2026-09-03,31483
2026-09-04,31552
2026-09-05,36430
2026-09-06,37676
2026-09-07,31571
2026-09-08,27360
